101,11.0
101,1.3
101,1.2
101,4.1
101,13.6
102,8.6
102,6.3
102,11.7
102,9.1
102,6.0
103,15.9
103,14.0
103,4.9
103,11.5
103,10.5
104,17.5
104,14.6
104,5.8
104,19.6
104,2.4
105,8.4
105,15.1
105,3.0
105,9.8
105,0.8
106,13.4
106,15.3
106,11.5
106,17.5
106,6.3
107,13.9
107,11.9
107,11.6
107,9.1
107,16.8
108,18.9
108,9.5
108,13.3
108,1.2
108,14.0
109,12.9
109,19.9
109,16.4
109,5.7
109,7.7
110,13.4
110,0.5
110,9.2
110,3.4
110,2.3
111,1.2
111,15.4
111,2.6
111,5.0
111,7.8
112,17.4
112,1.6
112,9.0
112,11.0
112,17.7
113,16.4
113,17.3
113,5.6
113,8.3
113,7.2
114,17.7
114,19.2
114,3.0
114,3.5
114,4.6
115,4.7
115,9.7
115,11.8
115,5.3
115,0.1
116,8.4
116,7.4
116,11.3
116,19.1
116,13.8
117,10.3
117,12.4
117,13.5
117,1.1
117,18.0
118,15.6
118,17.5
118,16.0
118,7.8
118,8.0
119,2.1
119,12.7
119,1.2
119,1.3
119,4.2
120,3.2
120,6.8
120,1.1
120,0.0
120,3.0
121,2.0
121,7.3
121,0.5
121,17.5
121,12.3
122,3.0
122,5.0
122,6.9
122,7.3
122,2.5
123,17.0
123,19.9
123,9.3
123,9.7
123,1.7
124,2.0
124,6.9
124,5.3
124,16.6
124,3.2
125,0.5
125,19.0
125,10.6
125,2.9
125,10.9
126,0.5
126,10.6
126,19.6
126,17.3
126,13.9
127,5.2
127,7.3
127,3.3
127,15.4
127,10.7
128,15.6
128,6.6
128,4.5
128,16.2
128,19.7
129,17.1
129,16.1
129,16.4
129,14.8
129,4.5
130,10.4
130,7.1
130,0.6
130,0.6
130,5.6
131,5.2
131,13.9
131,19.1
131,8.9
131,18.7
132,19.8
132,19.1
132,7.3
132,4.4
132,4.5
133,3.9
133,4.1
133,12.5
133,18.0
133,16.8
134,9.6
134,13.1
134,16.0
134,1.7
134,13.2
135,18.2
135,15.6
135,15.0
135,9.6
135,3.6
136,15.8
136,6.7
136,16.0
136,19.4
136,7.9
137,8.0
137,18.9
137,14.5
137,3.4
137,2.5
138,3.0
138,18.1
138,16.1
138,2.9
138,16.5
139,19.6
139,13.1
139,7.0
139,11.0
139,2.6
140,0.3
140,19.4
140,13.0
140,10.5
140,18.7
141,8.7
141,17.4
141,16.5
141,4.2
141,5.0
142,5.9
142,4.8
142,11.7
142,5.2
142,8.4
143,2.6
143,18.2
143,7.1
143,9.2
143,11.7
144,18.1
144,8.4
144,18.4
144,10.0
144,10.6
145,10.5
145,0.4
145,8.8
145,3.7
145,0.1
146,16.0
146,3.4
146,9.5
146,14.5
146,11.1
147,6.5
147,10.4
147,11.1
147,15.7
147,2.1
148,11.2
148,5.0
148,5.5
148,15.4
148,10.2
149,11.2
149,15.2
149,18.2
149,8.9
149,12.3
150,10.1
150,10.2
150,13.9
150,9.0
150,10.7
